row_id,scenario_id,status,stage,problem,solver,metrics,artifacts,failure
backend_performance-correctness-path-full_dense-repeat-0,path-full_dense-repeat-0,passed,validation,"{'benchmark': 'hamiltonian_execution_path', 'atom_count': 4, 'spacing': 0.6, 'C6': 10.0, 'blockade_radius': 0.8}","{'path_mode': 'full_dense', 'representation': 'full dense matrix', 'warmup_runs': 1, 'measured_repeats': 5}","{'repeat_index': 0, 'reference_error': 1.0, 'reference_relative_error': 3.0136266959224844e-17, 'reference_gate_metric': 'reference_relative_error', 'reference_gate_value': 3.0136266959224844e-17, 'reference_atol': 1e-12, 'total_time_seconds': 4.154000635026023e-06, 'time_per_operation_seconds': 8.308001270052046e-07, 'basis_size': 16, 'full_dim': 16}","{'run_manifest': None, 'result_artifact': None}",
backend_performance-correctness-path-full_sparse-repeat-0,path-full_sparse-repeat-0,passed,validation,"{'benchmark': 'hamiltonian_execution_path', 'atom_count': 4, 'spacing': 0.6, 'C6': 10.0, 'blockade_radius': 0.8}","{'path_mode': 'full_sparse', 'representation': 'full sparse CSR matrix', 'warmup_runs': 1, 'measured_repeats': 5}","{'repeat_index': 0, 'reference_error': 1.0, 'reference_relative_error': 3.0136266959224844e-17, 'reference_gate_metric': 'reference_relative_error', 'reference_gate_value': 3.0136266959224844e-17, 'reference_atol': 1e-12, 'total_time_seconds': 1.418500323779881e-05, 'time_per_operation_seconds': 2.837000647559762e-06, 'basis_size': 16, 'full_dim': 16}","{'run_manifest': None, 'result_artifact': None}",
backend_performance-correctness-path-reduced_matrix_free-repeat-0,path-reduced_matrix_free-repeat-0,passed,validation,"{'benchmark': 'hamiltonian_execution_path', 'atom_count': 4, 'spacing': 0.6, 'C6': 10.0, 'blockade_radius': 0.8}","{'path_mode': 'reduced_matrix_free', 'representation': 'blockade-reduced matrix-free operator', 'warmup_runs': 1, 'measured_repeats': 5}","{'repeat_index': 0, 'reference_error': 0.0, 'reference_relative_error': None, 'reference_gate_metric': 'reference_error', 'reference_gate_value': 0.0, 'reference_atol': 1e-10, 'total_time_seconds': 5.588299973169342e-05, 'time_per_operation_seconds': 1.1176599946338683e-05, 'basis_size': 8, 'full_dim': 16}","{'run_manifest': None, 'result_artifact': None}",
backend_performance-correctness-path-reduced_sparse-repeat-0,path-reduced_sparse-repeat-0,passed,validation,"{'benchmark': 'hamiltonian_execution_path', 'atom_count': 4, 'spacing': 0.6, 'C6': 10.0, 'blockade_radius': 0.8}","{'path_mode': 'reduced_sparse', 'representation': 'blockade-reduced sparse CSR matrix', 'warmup_runs': 1, 'measured_repeats': 5}","{'repeat_index': 0, 'reference_error': 0.0, 'reference_relative_error': None, 'reference_gate_metric': 'reference_error', 'reference_gate_value': 0.0, 'reference_atol': 1e-10, 'total_time_seconds': 1.2096003047190607e-05, 'time_per_operation_seconds': 2.4192006094381215e-06, 'basis_size': 8, 'full_dim': 16}","{'run_manifest': None, 'result_artifact': None}",
backend_performance-correctness-path-reduced_sparse_gpu_cached-repeat-0,path-reduced_sparse_gpu_cached-repeat-0,skipped,setup,"{'benchmark': 'hamiltonian_execution_path', 'atom_count': 4, 'spacing': 0.6, 'C6': 10.0, 'blockade_radius': 0.8}","{'path_mode': 'reduced_sparse_gpu_cached', 'representation': 'blockade-reduced cached sparse matrix', 'warmup_runs': 1, 'measured_repeats': 5}",{'repeat_index': 0},"{'run_manifest': None, 'result_artifact': None}","{'stage': 'setup', 'code': 'BENCHMARK_PATH_UNAVAILABLE', 'message': 'set include_gpu=True and provide a working CUDA backend', 'remediation': 'Enable the documented backend only after its doctor checks pass.'}"
backend_performance-correctness-path-full_dense-repeat-1,path-full_dense-repeat-1,passed,validation,"{'benchmark': 'hamiltonian_execution_path', 'atom_count': 4, 'spacing': 0.6, 'C6': 10.0, 'blockade_radius': 0.8}","{'path_mode': 'full_dense', 'representation': 'full dense matrix', 'warmup_runs': 1, 'measured_repeats': 5}","{'repeat_index': 1, 'reference_error': 6.0, 'reference_relative_error': 3.300002169844065e-16, 'reference_gate_metric': 'reference_relative_error', 'reference_gate_value': 3.300002169844065e-16, 'reference_atol': 1e-12, 'total_time_seconds': 3.6519995774142444e-06, 'time_per_operation_seconds': 7.303999154828488e-07, 'basis_size': 16, 'full_dim': 16}","{'run_manifest': None, 'result_artifact': None}",
backend_performance-correctness-path-full_sparse-repeat-1,path-full_sparse-repeat-1,passed,validation,"{'benchmark': 'hamiltonian_execution_path', 'atom_count': 4, 'spacing': 0.6, 'C6': 10.0, 'blockade_radius': 0.8}","{'path_mode': 'full_sparse', 'representation': 'full sparse CSR matrix', 'warmup_runs': 1, 'measured_repeats': 5}","{'repeat_index': 1, 'reference_error': 6.0, 'reference_relative_error': 3.300002169844065e-16, 'reference_gate_metric': 'reference_relative_error', 'reference_gate_value': 3.300002169844065e-16, 'reference_atol': 1e-12, 'total_time_seconds': 1.2470998626668006e-05, 'time_per_operation_seconds': 2.4941997253336013e-06, 'basis_size': 16, 'full_dim': 16}","{'run_manifest': None, 'result_artifact': None}",
backend_performance-correctness-path-reduced_matrix_free-repeat-1,path-reduced_matrix_free-repeat-1,passed,validation,"{'benchmark': 'hamiltonian_execution_path', 'atom_count': 4, 'spacing': 0.6, 'C6': 10.0, 'blockade_radius': 0.8}","{'path_mode': 'reduced_matrix_free', 'representation': 'blockade-reduced matrix-free operator', 'warmup_runs': 1, 'measured_repeats': 5}","{'repeat_index': 1, 'reference_error': 0.0, 'reference_relative_error': None, 'reference_gate_metric': 'reference_error', 'reference_gate_value': 0.0, 'reference_atol': 1e-10, 'total_time_seconds': 5.612199674942531e-05, 'time_per_operation_seconds': 1.1224399349885061e-05, 'basis_size': 8, 'full_dim': 16}","{'run_manifest': None, 'result_artifact': None}",
backend_performance-correctness-path-reduced_sparse-repeat-1,path-reduced_sparse-repeat-1,passed,validation,"{'benchmark': 'hamiltonian_execution_path', 'atom_count': 4, 'spacing': 0.6, 'C6': 10.0, 'blockade_radius': 0.8}","{'path_mode': 'reduced_sparse', 'representation': 'blockade-reduced sparse CSR matrix', 'warmup_runs': 1, 'measured_repeats': 5}","{'repeat_index': 1, 'reference_error': 0.0, 'reference_relative_error': None, 'reference_gate_metric': 'reference_error', 'reference_gate_value': 0.0, 'reference_atol': 1e-10, 'total_time_seconds': 1.2512002285802737e-05, 'time_per_operation_seconds': 2.5024004571605473e-06, 'basis_size': 8, 'full_dim': 16}","{'run_manifest': None, 'result_artifact': None}",
backend_performance-correctness-path-reduced_sparse_gpu_cached-repeat-1,path-reduced_sparse_gpu_cached-repeat-1,skipped,setup,"{'benchmark': 'hamiltonian_execution_path', 'atom_count': 4, 'spacing': 0.6, 'C6': 10.0, 'blockade_radius': 0.8}","{'path_mode': 'reduced_sparse_gpu_cached', 'representation': 'blockade-reduced cached sparse matrix', 'warmup_runs': 1, 'measured_repeats': 5}",{'repeat_index': 1},"{'run_manifest': None, 'result_artifact': None}","{'stage': 'setup', 'code': 'BENCHMARK_PATH_UNAVAILABLE', 'message': 'set include_gpu=True and provide a working CUDA backend', 'remediation': 'Enable the documented backend only after its doctor checks pass.'}"
backend_performance-correctness-solver-tsit5-repeat-0,solver-tsit5-repeat-0,passed,validation,"{'benchmark': 'solver_method_trajectory', 'atom_count': 3, 'blockade_radius': 0.6, 'duration': 0.3, 'output_grid': [0.0, 0.0375, 0.075, 0.11249999999999999, 0.15, 0.1875, 0.22499999999999998, 0.2625, 0.3]}","{'method': 'Tsit5', 'reltol': 1e-09, 'abstol': 1e-09, 'adaptive': True, 'dt': None, 'warmup_runs': 0, 'measured_repeats': 1}","{'repeat_index': 0, 'reference_method': 'Tsit5', 'max_abs_error': 4.482785670445466e-14, 'reference_atol': 1e-06, 'runtime_seconds': 0.8318496399951982, 'effective_solver': {'solver_method': 'Tsit5', 'adaptive': True, 'dt': None, 'effective_method': 'Tsit5', 'effective_adaptive': True, 'effective_dt': None, 'reltol': 1e-09, 'abstol': 1e-09, 'basis_size': 5, 'full_basis_size': 8, 'reduced_basis_pruning_ratio': 0.375, 'use_gpu': False, 'use_mc': False, 'seed': None, 'saveat': [0.0, 0.0375, 0.075, 0.11249999999999999, 0.15, 0.1875, 0.22499999999999998, 0.2625, 0.3], 'effective_saveat': [0.0, 0.0375, 0.075, 0.11249999999999999, 0.15, 0.1875, 0.22499999999999998, 0.2625, 0.3]}}","{'run_manifest': '/workspaces/Sagittarius/docs/benchmarks/evidence/phase16-e171c584e8e67215f1e5fb00f6f908d2e434b10c/solver-tsit5-repeat-0.manifest.json', 'result_artifact': '/workspaces/Sagittarius/docs/benchmarks/evidence/phase16-e171c584e8e67215f1e5fb00f6f908d2e434b10c/solver-tsit5-repeat-0.result.json', 'reference_result_artifact': '/workspaces/Sagittarius/docs/benchmarks/evidence/phase16-e171c584e8e67215f1e5fb00f6f908d2e434b10c/solver_reference_tsit5.result.json'}",
backend_performance-correctness-solver-tsit5-repeat-1,solver-tsit5-repeat-1,passed,validation,"{'benchmark': 'solver_method_trajectory', 'atom_count': 3, 'blockade_radius': 0.6, 'duration': 0.3, 'output_grid': [0.0, 0.0375, 0.075, 0.11249999999999999, 0.15, 0.1875, 0.22499999999999998, 0.2625, 0.3]}","{'method': 'Tsit5', 'reltol': 1e-09, 'abstol': 1e-09, 'adaptive': True, 'dt': None, 'warmup_runs': 0, 'measured_repeats': 1}","{'repeat_index': 1, 'reference_method': 'Tsit5', 'max_abs_error': 4.482785670445466e-14, 'reference_atol': 1e-06, 'runtime_seconds': 0.8398035770005663, 'effective_solver': {'solver_method': 'Tsit5', 'adaptive': True, 'dt': None, 'effective_method': 'Tsit5', 'effective_adaptive': True, 'effective_dt': None, 'reltol': 1e-09, 'abstol': 1e-09, 'basis_size': 5, 'full_basis_size': 8, 'reduced_basis_pruning_ratio': 0.375, 'use_gpu': False, 'use_mc': False, 'seed': None, 'saveat': [0.0, 0.0375, 0.075, 0.11249999999999999, 0.15, 0.1875, 0.22499999999999998, 0.2625, 0.3], 'effective_saveat': [0.0, 0.0375, 0.075, 0.11249999999999999, 0.15, 0.1875, 0.22499999999999998, 0.2625, 0.3]}}","{'run_manifest': '/workspaces/Sagittarius/docs/benchmarks/evidence/phase16-e171c584e8e67215f1e5fb00f6f908d2e434b10c/solver-tsit5-repeat-1.manifest.json', 'result_artifact': '/workspaces/Sagittarius/docs/benchmarks/evidence/phase16-e171c584e8e67215f1e5fb00f6f908d2e434b10c/solver-tsit5-repeat-1.result.json', 'reference_result_artifact': '/workspaces/Sagittarius/docs/benchmarks/evidence/phase16-e171c584e8e67215f1e5fb00f6f908d2e434b10c/solver_reference_tsit5.result.json'}",
backend_performance-correctness-solver-vern9-repeat-0,solver-vern9-repeat-0,passed,validation,"{'benchmark': 'solver_method_trajectory', 'atom_count': 3, 'blockade_radius': 0.6, 'duration': 0.3, 'output_grid': [0.0, 0.0375, 0.075, 0.11249999999999999, 0.15, 0.1875, 0.22499999999999998, 0.2625, 0.3]}","{'method': 'Vern9', 'reltol': 1e-09, 'abstol': 1e-09, 'adaptive': True, 'dt': None, 'warmup_runs': 0, 'measured_repeats': 1}","{'repeat_index': 0, 'reference_method': 'Tsit5', 'max_abs_error': 7.984823739703995e-15, 'reference_atol': 1e-06, 'runtime_seconds': 1.0537035230008769, 'effective_solver': {'solver_method': 'Vern9', 'adaptive': True, 'dt': None, 'effective_method': 'Vern9', 'effective_adaptive': True, 'effective_dt': None, 'reltol': 1e-09, 'abstol': 1e-09, 'basis_size': 5, 'full_basis_size': 8, 'reduced_basis_pruning_ratio': 0.375, 'use_gpu': False, 'use_mc': False, 'seed': None, 'saveat': [0.0, 0.0375, 0.075, 0.11249999999999999, 0.15, 0.1875, 0.22499999999999998, 0.2625, 0.3], 'effective_saveat': [0.0, 0.0375, 0.075, 0.11249999999999999, 0.15, 0.1875, 0.22499999999999998, 0.2625, 0.3]}}","{'run_manifest': '/workspaces/Sagittarius/docs/benchmarks/evidence/phase16-e171c584e8e67215f1e5fb00f6f908d2e434b10c/solver-vern9-repeat-0.manifest.json', 'result_artifact': '/workspaces/Sagittarius/docs/benchmarks/evidence/phase16-e171c584e8e67215f1e5fb00f6f908d2e434b10c/solver-vern9-repeat-0.result.json', 'reference_result_artifact': '/workspaces/Sagittarius/docs/benchmarks/evidence/phase16-e171c584e8e67215f1e5fb00f6f908d2e434b10c/solver_reference_tsit5.result.json'}",
backend_performance-correctness-solver-vern9-repeat-1,solver-vern9-repeat-1,passed,validation,"{'benchmark': 'solver_method_trajectory', 'atom_count': 3, 'blockade_radius': 0.6, 'duration': 0.3, 'output_grid': [0.0, 0.0375, 0.075, 0.11249999999999999, 0.15, 0.1875, 0.22499999999999998, 0.2625, 0.3]}","{'method': 'Vern9', 'reltol': 1e-09, 'abstol': 1e-09, 'adaptive': True, 'dt': None, 'warmup_runs': 0, 'measured_repeats': 1}","{'repeat_index': 1, 'reference_method': 'Tsit5', 'max_abs_error': 7.984823739703995e-15, 'reference_atol': 1e-06, 'runtime_seconds': 0.9970876430015778, 'effective_solver': {'solver_method': 'Vern9', 'adaptive': True, 'dt': None, 'effective_method': 'Vern9', 'effective_adaptive': True, 'effective_dt': None, 'reltol': 1e-09, 'abstol': 1e-09, 'basis_size': 5, 'full_basis_size': 8, 'reduced_basis_pruning_ratio': 0.375, 'use_gpu': False, 'use_mc': False, 'seed': None, 'saveat': [0.0, 0.0375, 0.075, 0.11249999999999999, 0.15, 0.1875, 0.22499999999999998, 0.2625, 0.3], 'effective_saveat': [0.0, 0.0375, 0.075, 0.11249999999999999, 0.15, 0.1875, 0.22499999999999998, 0.2625, 0.3]}}","{'run_manifest': '/workspaces/Sagittarius/docs/benchmarks/evidence/phase16-e171c584e8e67215f1e5fb00f6f908d2e434b10c/solver-vern9-repeat-1.manifest.json', 'result_artifact': '/workspaces/Sagittarius/docs/benchmarks/evidence/phase16-e171c584e8e67215f1e5fb00f6f908d2e434b10c/solver-vern9-repeat-1.result.json', 'reference_result_artifact': '/workspaces/Sagittarius/docs/benchmarks/evidence/phase16-e171c584e8e67215f1e5fb00f6f908d2e434b10c/solver_reference_tsit5.result.json'}",
backend_performance-correctness-solver-rk4-repeat-0,solver-rk4-repeat-0,passed,validation,"{'benchmark': 'solver_method_trajectory', 'atom_count': 3, 'blockade_radius': 0.6, 'duration': 0.3, 'output_grid': [0.0, 0.0375, 0.075, 0.11249999999999999, 0.15, 0.1875, 0.22499999999999998, 0.2625, 0.3]}","{'method': 'RK4', 'reltol': 1e-08, 'abstol': 1e-08, 'adaptive': False, 'dt': 0.001, 'warmup_runs': 0, 'measured_repeats': 1}","{'repeat_index': 0, 'reference_method': 'Tsit5', 'max_abs_error': 7.380706289195071e-15, 'reference_atol': 1e-06, 'runtime_seconds': 0.9395915089990012, 'effective_solver': {'solver_method': 'RK4', 'adaptive': False, 'dt': 0.001, 'effective_method': 'RK4', 'effective_adaptive': False, 'effective_dt': 0.001, 'reltol': 1e-08, 'abstol': 1e-08, 'basis_size': 5, 'full_basis_size': 8, 'reduced_basis_pruning_ratio': 0.375, 'use_gpu': False, 'use_mc': False, 'seed': None, 'saveat': [0.0, 0.0375, 0.075, 0.11249999999999999, 0.15, 0.1875, 0.22499999999999998, 0.2625, 0.3], 'effective_saveat': [0.0, 0.0375, 0.075, 0.11249999999999999, 0.15, 0.1875, 0.22499999999999998, 0.2625, 0.3]}}","{'run_manifest': '/workspaces/Sagittarius/docs/benchmarks/evidence/phase16-e171c584e8e67215f1e5fb00f6f908d2e434b10c/solver-rk4-repeat-0.manifest.json', 'result_artifact': '/workspaces/Sagittarius/docs/benchmarks/evidence/phase16-e171c584e8e67215f1e5fb00f6f908d2e434b10c/solver-rk4-repeat-0.result.json', 'reference_result_artifact': '/workspaces/Sagittarius/docs/benchmarks/evidence/phase16-e171c584e8e67215f1e5fb00f6f908d2e434b10c/solver_reference_tsit5.result.json'}",
backend_performance-correctness-solver-rk4-repeat-1,solver-rk4-repeat-1,passed,validation,"{'benchmark': 'solver_method_trajectory', 'atom_count': 3, 'blockade_radius': 0.6, 'duration': 0.3, 'output_grid': [0.0, 0.0375, 0.075, 0.11249999999999999, 0.15, 0.1875, 0.22499999999999998, 0.2625, 0.3]}","{'method': 'RK4', 'reltol': 1e-08, 'abstol': 1e-08, 'adaptive': False, 'dt': 0.001, 'warmup_runs': 0, 'measured_repeats': 1}","{'repeat_index': 1, 'reference_method': 'Tsit5', 'max_abs_error': 7.380706289195071e-15, 'reference_atol': 1e-06, 'runtime_seconds': 0.6915912569966167, 'effective_solver': {'solver_method': 'RK4', 'adaptive': False, 'dt': 0.001, 'effective_method': 'RK4', 'effective_adaptive': False, 'effective_dt': 0.001, 'reltol': 1e-08, 'abstol': 1e-08, 'basis_size': 5, 'full_basis_size': 8, 'reduced_basis_pruning_ratio': 0.375, 'use_gpu': False, 'use_mc': False, 'seed': None, 'saveat': [0.0, 0.0375, 0.075, 0.11249999999999999, 0.15, 0.1875, 0.22499999999999998, 0.2625, 0.3], 'effective_saveat': [0.0, 0.0375, 0.075, 0.11249999999999999, 0.15, 0.1875, 0.22499999999999998, 0.2625, 0.3]}}","{'run_manifest': '/workspaces/Sagittarius/docs/benchmarks/evidence/phase16-e171c584e8e67215f1e5fb00f6f908d2e434b10c/solver-rk4-repeat-1.manifest.json', 'result_artifact': '/workspaces/Sagittarius/docs/benchmarks/evidence/phase16-e171c584e8e67215f1e5fb00f6f908d2e434b10c/solver-rk4-repeat-1.result.json', 'reference_result_artifact': '/workspaces/Sagittarius/docs/benchmarks/evidence/phase16-e171c584e8e67215f1e5fb00f6f908d2e434b10c/solver_reference_tsit5.result.json'}",
